article_id,newspaper,title,author,url,date,city_writing_origin,countries_mentioned,politicians_mentioned,n_comments
1,eldiario.es,"Trump carga de nuevo contra España por la guerra en Irán: “No está cooperando, podríamos cortar todo el comercio con ellos”",Andrés Gil,https://www.eldiario.es/internacional/trump-carga-nuevo-espana-no-cooperando_1_13060314.html,11/03/2026,Washington,"Chipre, Irán, Israel, España","Donald Trump, Pedro Sánchez",77
2,eldiario.es,Más líos para Starmer: un informe interno le advirtió del “riesgo de reputación” por la relación de Mandelson y Epstein,María Ramírez,https://www.eldiario.es/internacional/lios-starmer-informe-interno-le-advirtio-riesgo-reputacion-relacion-mandelson-epstein_1_13058929.html,11/03/2026,Oxford (Reino Unido),"China, Reino Unido, Estados Unidos",Donald Trump,0
3,eldiario.es,El Gobierno cesa a la embajadora en Israel y rebaja la representación diplomática española en el país,NA,https://www.eldiario.es/internacional/gobierno-cesa-embajadora-israel-rebaja-representacion-diplomatica-espanol-pais_1_13058864.html,11/03/2026,NA,"Irán, Israel, Líbano, Reunión, España","Netanyahu, Pedro Sánchez",41
4,eldiario.es,La elección de “Jamenei 2.0” divide Irán: del apoyo de los medios oficiales al temor a una mayor represión,NA,https://www.eldiario.es/internacional/theguardian/eleccion-jamenei-2-0-divide-iran-apoyo-medios-oficiales-temor-mayor-represion_1_13055125.html,11/03/2026,NA,Israel,Donald Trump,11
5,eldiario.es,Qué pruebas existen de la responsabilidad de EEUU en el ataque contra la escuela de niñas en Irán,NA,https://www.eldiario.es/internacional/theguardian/pruebas-existen-responsabilidad-eeuu-ataque-escuela-ninas-iran_1_13055022.html,10/03/2026,NA,"Irán, Israel, Estados Unidos",Donald Trump,15
6,eldiario.es,"Quién es Mojtaba Jamenei, el nuevo líder supremo de Irán",Patrick Wintour,https://www.eldiario.es/internacional/theguardian/mojtaba-jamenei-nuevo-lider-supremo-iran_1_13051563.html,09/03/2026,NA,"Irán, Irak, Israel, Estados Unidos",Donald Trump,21
7,eldiario.es,“Un tipo muy peligroso”: alarma en el Ejército mientras Pete Hegseth disfruta con la carnicería de la guerra contra Irán,David Smith,https://www.eldiario.es/internacional/theguardian/tipo-peligroso-alarma-ejercito-pete-hegseth-disfruta-carniceria-guerra-iran_1_13051221.html,09/03/2026,Washington,"Afganistán, Cuba, Irán, Irak, Kuwait, Estados Unidos",Donald Trump,165
8,eldiario.es,El cisma provocado en la UE obliga a Von der Leyen a recular: “Siempre defenderemos los principios de la ONU y el derecho internacional”,Rodrigo Ponce de León,https://www.eldiario.es/internacional/cisma-provocado-ue-obliga-von-der-leyen-recular-defenderemos-principios-onu-derecho-internacional_1_13057946.html,11/03/2026,Bruselas,"Chipre, Gibraltar, Irán, Israel, Montserrat, Turquía, Ucrania, Reino Unido, Estados Unidos","Von der Leyen, Putin, Donald Trump, Pedro Sánchez, Netanyahu",118
9,eldiario.es,"Guerra en Irán: última hora del ataque de EEUU e Israel, en directo",elDiario.es,https://www.eldiario.es/internacional/guerra-iran-ultima-hora-ataque-eeuu-e-israel-directo_6_13057884.html,11/03/2026,NA,"Baréin, Canadá, Chipre, India, Irán, Irak, Israel, Italia, Kuwait, Letonia, Líbano, México, Omán, Catar, Reunión, Arabia Saudí, España, Emiratos Árabes Unidos, Estados Unidos","Von der Leyen, Donald Trump, Netanyahu",4
10,eldiario.es,La guerra de Trump en Irán es la más impopular de todas para los estadounidenses,Andrés Gil,https://www.eldiario.es/internacional/cronicas-desde-trumplandia/guerra-trump-iran-impopular-estadounidenses_132_13057704.html,11/03/2026,NA,"Irán, Israel, Estados Unidos",Donald Trump,28
11,eldiario.es,La policía investiga como un “acto deliberado” el incendio de un autobús en Suiza que ha causado seis muertos,NA,https://www.eldiario.es/internacional/seis-muertos-incendio-autobus-suiza_1_13057727.html,11/03/2026,NA,Suiza,NA,0
12,eldiario.es,"Philippe Lazzarini: “Hay que mantenerse firmes, porque si no hay derecho internacional se impone la ley de la selva”",Olga Rodríguez,https://www.eldiario.es/internacional/philippe-lazzarini-hay-mantenerse-firmes-si-no-hay-derecho-internacional-impone-ley-selva_128_13057372.html,11/03/2026,NA,"Irán, Israel, Líbano, España, Estados Unidos",Netanyahu,11
13,eldiario.es,"Donald Trump, muerte, destrucción y pornografía de guerra",Iñigo Sáenz de Ugarte,https://www.eldiario.es/internacional/donald-trump-muerte-destruccion-pornografia-guerra_1_13055750.html,11/03/2026,NA,"India, Irán, Sri Lanka",Donald Trump,44
14,eldiario.es,EEUU afirma haber hundido 16 barcos que soltaban minas en Ormuz y Trump amenaza a Irán con “consecuencias nunca vistas” si no desmina el Estrecho,Andrés Gil,https://www.eldiario.es/internacional/trump-afirma-haber-hundido-10-barcos-minas-ormuz-amenaza-iran-consecuencias-vistas-si-no-desmina-estrecho_1_13057673.html,11/03/2026,Washington,"Irán, Irak, Kuwait, Estados Unidos",Donald Trump,15
15,eldiario.es,Trump evidencia la falta de un plan claro con Irán y se enreda sobre la duración de la guerra,Andrés Gil,https://www.eldiario.es/internacional/trump-evidencia-falta-plan-claro-iran-enreda-duracion-guerra_1_13057306.html,11/03/2026,Washington,"Irán, Israel, Reunión",Donald Trump,46
16,eldiario.es,"El jefe del Pentágono advierte: “Hoy será, una vez más, nuestro día más intenso de ataques en Irán”",Andrés Gil,https://www.eldiario.es/internacional/jefe-pentagono-advierte-hoy-sera-vez-dia-intenso-ataques-iran_1_13055765.html,10/03/2026,Washington,"Irán, Estados Unidos",Donald Trump,46
17,eldiario.es,Costa rechaza el paso en falso de Von der Leyen: “El unilateralismo no puede ser el camino y la UE debe defender el orden internacional”,Rodrigo Ponce de León,https://www.eldiario.es/internacional/costa-rechaza-paso-falso-von-der-leyen-unilateralismo-no-camino-ue-debe-defender-orden-internacional_1_13054875.html,10/03/2026,Bruselas,"Afganistán, China, Chipre, Francia, Alemania, Grecia, Groenlandia, Irán, Israel, Italia, Rusia, España, Sudán, Ucrania, Estados Unidos","Von der Leyen, Donald Trump",69
18,eldiario.es,Así te hemos contado la última hora del ataque de EEUU e Israel a Irán del 10 de marzo de 2026,elDiario.es,https://www.eldiario.es/internacional/ultima-hora-ataque-eeuu-e-israel-iran-directo_6_13054794.html,10/03/2026,NA,"Irán, Israel, Líbano, Estados Unidos",Donald Trump,172
19,eldiario.es,"El imperialismo crudo de Trump no es símbolo del poder de EEUU, sino síntoma de su decadencia",Javier Biosca Azcoiti,https://www.eldiario.es/internacional/la-semana-internacional/imperialismo-crudo-trump-no-simbolo-eeuu-sintoma-decadencia_132_13054604.html,10/03/2026,NA,"Canadá, Groenlandia, Irán, Irak, España, Estados Unidos","von der Leyen, Donald Trump",21
20,eldiario.es,Una multitud de mujeres marcha contra la avanzada reaccionaria de Milei,Mercedes López San Miguel,https://www.eldiario.es/internacional/argentina-javier-milei-8m_1_13054746.html,10/03/2026,Buenos Aires,Argentina,Milei,2
21,eldiario.es,"Trump, sobre Cuba: “Puede que sea una toma de control amistosa, o puede que no”",Andrés Gil,https://www.eldiario.es/internacional/trump-cuba-sea-toma-control-amistosa-no-sea_1_13054652.html,10/03/2026,Washington,"Cuba, Irán, Panamá, Venezuela",Donald Trump,16
22,elmundo.es,"Los israelíes, bajo las bombas de racimo iraníes",SAL EMERGUI,https://www.elmundo.es/internacional/2026/03/10/69b0727afdddffea648b4596.html,10/03/2026,Tel Aviv,"Estados Unidos, Irán, Israel","Donald Trump, Netanyahu",174
23,elmundo.es,"Daniel Bashandeh, analista iraní-español: ""La república islámica ha perdido toda su legitimidad""",DARÍO PRIETO,https://www.elmundo.es/internacional/2026/03/11/69b074e8e9cf4a5f5d8b456e.html,11/03/2026,NA,"España, Irán, Israel, Estados Unidos, Rusia, China, Alemania, Francia","Netanyahu, Donald Trump, Putin",6
24,elmundo.es,"La República Islámica, inquebrantable ante las amenazas de Trump",LARA VILLALÓN,https://www.elmundo.es/internacional/2026/03/11/69b057fbe9cf4acd0a8b459d.html,11/03/2026,Estambul,"Turquía, Irán, Estados Unidos, Israel, Francia, Emiratos Árabes Unidos, Kuwait, Arabia Saudí, España",Von der Leyen,5
25,elmundo.es,Recorriendo los pueblos fantasma de Fukushima 15 años después de la tragedia nuclear,LUCAS DE LA CAL,https://www.elmundo.es/internacional/2026/03/11/69aeee86e85eceda248b4594.html?intcmp=masnoticiasportada,11/03/2026,Fukushima,"Japón, China, Corea del Sur",NA,10
26,elmundo.es,"Fico sitúa el  oleoducto ruso Druzhba en la agenda comunitaria, pero la Comisión evita compromisos",CARMEN VALERO,https://www.elmundo.es/internacional/2026/03/10/69b0698be4d4d8c8698b4588.html?intcmp=masnoticiasportada,10/03/2026,Berlín,"Eslovaquia, Ucrania, Hungría, Chequia",von der Leyen,NA
27,elmundo.es,"Jaque a la ""mafia"" del narcotráfico en Marsella: 42 detenidos en la mayor operación policial",CARLOS FRESNEDA (Corresponsal),https://www.elmundo.es/internacional/2026/03/10/69b06728fdddfffe138b45a4.html?intcmp=masnoticiasportada,10/03/2026,NA,NA,NA,NA
28,elmundo.es,Kast asume el poder con la incógnita abierta de cuán lejos podrá llegar en su promesa de cambiar Chile,SEBASTIÁN FEST,https://www.elmundo.es/internacional/2026/03/11/69b18d25fdddff13218b4579.html?intcmp=masnoticiasportada,11/03/2026,Chile,"Chile, Cuba, Venezuela, Nicaragua, Perú, Estados Unidos, China, Paraguay","Milei, Donald Trump",NA
29,elmundo.es,Así está atacando Israel al Líbano trasladando allí la guerra,"JAVIER ESPINOSA (Información), EL MUNDO / AP / ATLAS (Vídeo)",https://www.elmundo.es/internacional/2026/03/10/69b04341e9cf4a47378b45d0-video.html?intcmp=masnoticiasportada,10/03/2026,NA,"Líbano, Israel, Irán, Siria",NA,NA
30,elmundo.es,"Israel y EEUU incrementan sus golpes aéreos contra Irán: agua y energía, objetivos críticos de la guerra",SAL EMERGUI,https://www.elmundo.es/internacional/2026/03/08/69adb7bbfc6c83a1468b4590.html?intcmp=masnoticiasportada,08/03/2026,Tel Aviv,"Irán, Israel, Estados Unidos, Líbano, Emiratos Árabes Unidos","Donald Trump, Netanyahu",168
31,elmundo.es,"Guerra de Irán y última hora del precio de petróleo, en directo | Trump vuelve a cargar contra España: ""No está cooperando. Lo están haciendo realmente mal""","JAVIER MUNERA, MARIFÉ VELASCO",https://www.elmundo.es/internacional/2026/03/11/69b106e9fb7b94bd83b8cda6-directo.html,11/03/2026,Madrid,"Estados Unidos, Israel, Irán, Arabia Saudí, Emiratos Árabes Unidos, Kuwait, España, Irak, Líbano, Chipre, Liberia, Alemania, Turquía, Tailandia, Sri Lanka, India, Rusia, Ucrania","Donald Trump, Netanyahu, von der Leyen, Von der Leyen",91
32,elmundo.es,"Guerra de Irán y última hora del precio de petróleo, en directo | Trump vuelve a cargar contra España: ""No está cooperando. Lo están haciendo realmente mal""","JAVIER MUNERA, MARIFÉ VELASCO",https://www.elmundo.es/internacional/2026/03/11/69b106e9fb7b94bd83b8cda6-directo.html,11/03/2026,Madrid,"Estados Unidos, Israel, Irán, Arabia Saudí, Emiratos Árabes Unidos, Kuwait, España, Irak, Líbano, Chipre, Liberia, Alemania, Turquía, Tailandia, Sri Lanka, India, Rusia, Ucrania","Donald Trump, Netanyahu, von der Leyen, Von der Leyen",91
33,elmundo.es,"Guerra de Irán y última hora del precio de petróleo, en directo | Trump vuelve a cargar contra España: ""No está cooperando. Lo están haciendo realmente mal""","JAVIER MUNERA, MARIFÉ VELASCO",https://www.elmundo.es/internacional/2026/03/11/69b106e9fb7b94bd83b8cda6-directo.html,11/03/2026,Madrid,"Estados Unidos, Israel, Irán, Arabia Saudí, Emiratos Árabes Unidos, Kuwait, España, Irak, Líbano, Chipre, Liberia, Alemania, Turquía, Tailandia, Sri Lanka, India, Rusia, Ucrania","Donald Trump, Netanyahu, von der Leyen, Von der Leyen",91
34,elmundo.es,"Guerra de Irán y última hora del precio de petróleo, en directo | Trump vuelve a cargar contra España: ""No está cooperando. Lo están haciendo realmente mal""","JAVIER MUNERA, MARIFÉ VELASCO",https://www.elmundo.es/internacional/2026/03/11/69b106e9fb7b94bd83b8cda6-directo.html,11/03/2026,Madrid,"Estados Unidos, Israel, Irán, Arabia Saudí, Emiratos Árabes Unidos, Kuwait, España, Irak, Líbano, Chipre, Liberia, Alemania, Turquía, Tailandia, Sri Lanka, India, Rusia, Ucrania","Donald Trump, Netanyahu, von der Leyen, Von der Leyen",91
35,elmundo.es,"Guerra de Irán y última hora del precio de petróleo, en directo | Trump vuelve a cargar contra España: ""No está cooperando. Lo están haciendo realmente mal""","JAVIER MUNERA, MARIFÉ VELASCO",https://www.elmundo.es/internacional/2026/03/11/69b106e9fb7b94bd83b8cda6-directo.html,11/03/2026,Madrid,"Estados Unidos, Israel, Irán, Arabia Saudí, Emiratos Árabes Unidos, Kuwait, España, Irak, Líbano, Chipre, Liberia, Alemania, Turquía, Tailandia, Sri Lanka, India, Rusia, Ucrania","Donald Trump, Netanyahu, von der Leyen, Von der Leyen",91
36,elmundo.es,"Guerra de Irán y última hora del precio de petróleo, en directo | Trump vuelve a cargar contra España: ""No está cooperando. Lo están haciendo realmente mal""","JAVIER MUNERA, MARIFÉ VELASCO",https://www.elmundo.es/internacional/2026/03/11/69b106e9fb7b94bd83b8cda6-directo.html,11/03/2026,Madrid,"Estados Unidos, Israel, Irán, Arabia Saudí, Emiratos Árabes Unidos, Kuwait, España, Irak, Líbano, Chipre, Liberia, Alemania, Turquía, Tailandia, Sri Lanka, India, Rusia, Ucrania","Donald Trump, Netanyahu, von der Leyen, Von der Leyen",91
37,elmundo.es,"Guerra de Irán y última hora del precio de petróleo, en directo | Trump vuelve a cargar contra España: ""No está cooperando. Lo están haciendo realmente mal""","JAVIER MUNERA, MARIFÉ VELASCO",https://www.elmundo.es/internacional/2026/03/11/69b106e9fb7b94bd83b8cda6-directo.html,11/03/2026,Madrid,"Estados Unidos, Israel, Irán, Arabia Saudí, Emiratos Árabes Unidos, Kuwait, España, Irak, Líbano, Chipre, Liberia, Alemania, Turquía, Tailandia, Sri Lanka, India, Rusia, Ucrania","Donald Trump, Netanyahu, von der Leyen, Von der Leyen",91
38,elmundo.es,"Guerra de Irán y última hora del precio de petróleo, en directo | Trump vuelve a cargar contra España: ""No está cooperando. Lo están haciendo realmente mal""","JAVIER MUNERA, MARIFÉ VELASCO",https://www.elmundo.es/internacional/2026/03/11/69b106e9fb7b94bd83b8cda6-directo.html,11/03/2026,Madrid,"Estados Unidos, Israel, Irán, Arabia Saudí, Emiratos Árabes Unidos, Kuwait, España, Irak, Líbano, Chipre, Liberia, Alemania, Turquía, Tailandia, Sri Lanka, India, Rusia, Ucrania","Donald Trump, Netanyahu, von der Leyen, Von der Leyen",91
39,elmundo.es,Starmer fue avisado del riesgo de nombrar embajador a Mandelson por sus vínculos con Epstein,AP,https://www.elmundo.es/internacional/2026/03/11/69b19a8121efa0a33f8b4595.html,11/03/2026,Londres,"Reino Unido, Estados Unidos",Donald Trump,NA
40,elmundo.es,"Más de 30 países, incluida España, impulsan la mayor liberación de reservas de petróleo",AP (Vídeo),https://www.elmundo.es/internacional/2026/03/11/69b192d8fdddffea648b45b0-video.html,11/03/2026,NA,"Irán, Ucrania",NA,NA
41,elmundo.es,Tres buques atacados en el estrecho de Ormuz en la peor noche de ataques aéreos contra Irán,LARA VILLALÓN,https://www.elmundo.es/internacional/2026/03/11/69b13e29e9cf4aeb2e8b4591.html,11/03/2026,Estambul,"Israel, Irán, Estados Unidos, Turquía, Reino Unido, Emiratos Árabes Unidos, Omán, Kuwait, Arabia Saudí",Donald Trump,45
42,elmundo.es,La población cristiana del Líbano sufre un éxodo tras los ataques israelíes,EL MUNDO,https://www.elmundo.es/internacional/2026/03/11/69b187c8e9cf4a150e8b4580-video.html,11/03/2026,NA,"Líbano, Israel",NA,NA
43,elmundo.es,"Irán no cierra el Estrecho de Ormuz y avisa a EEUU: serán ""objetivo legítimo"" si se llevan petróleo",EL MUNDO / AGENCIAS (Vídeo),https://www.elmundo.es/internacional/2026/03/11/69b17965fc6c835e5c8b459f-video.html,11/03/2026,NA,"Irán, Omán, Reino Unido, Emiratos Árabes Unidos, Liberia, Estados Unidos, Israel",NA,NA
44,elmundo.es,"Irán amenaza a su población con dispararles si se levantan contra el régimen: ""serán enemigos""",AP (Vídeo),https://www.elmundo.es/internacional/2026/03/11/69b1745cfc6c83ab188b457e-video.html,11/03/2026,NA,"Israel, Irán",NA,1
45,elmundo.es,Cierran el perímetro de la Casa Blanca después que una furgoneta se estrellara contra una barrera de seguridad,EFE,https://www.elmundo.es/internacional/2026/03/11/69b16988fc6c834e5a8b4586.html,11/03/2026,Washington,"Israel, Irán",Donald Trump,1
46,elmundo.es,"Cuatro detenidos por ""conspiración terrorista"" y posibles vínculos con el Estado Islámico en el norte de Francia",CARLOS FRESNEDA,https://www.elmundo.es/internacional/2026/03/11/69b152a9e9cf4a01548b45ad.html,11/03/2026,París,Francia,NA,3
47,elmundo.es,EEUU destruye 16 buques iraníes en el estrecho de Ormuz,EL MUNDO,https://www.elmundo.es/internacional/2026/03/11/69b14ef1fdddffa56f8b45a2-video.html,11/03/2026,NA,"Estados Unidos, Irán",Donald Trump,1
48,elmundo.es,"Von der Leyen recula y dice ahora que la UE ""siempre defenderá"" el orden internacional","DANIEL VIAÑA (Información), EL MUNDO (Vídeo)",https://www.elmundo.es/internacional/2026/03/11/69b14312fc6c83af788b456d-video.html,11/03/2026,NA,"España, Irán, Ucrania","von der Leyen, Pedro Sánchez, Von der Leyen",1
49,elmundo.es,EEUU promete petróleo más barato y un mundo sin amenazas nucleares de Irán,EL MUNDO,https://www.elmundo.es/internacional/2026/03/11/69b12ff6fdddffa56f8b4593-video.html,11/03/2026,NA,"Estados Unidos, Israel, Irán",NA,1
50,elmundo.es,"Von der Leyen intenta rebajar la crispación en el seno de la UE y se acerca al Gobierno: ""Compromiso inquebrantable con el derecho internacional""",DANIEL VIAÑA (Corresponsal),https://www.elmundo.es/internacional/2026/03/11/69b12c99e9cf4a325f8b4570.html,11/03/2026,Bruselas,"España, Rusia, Ucrania, Irán","von der Leyen, Pedro Sánchez, Von der Leyen",156
51,elmundo.es,Israel ataca un edificio de apartamentos de un barrio de Beirut,EL MUNDO,https://www.elmundo.es/internacional/2026/03/11/69b12277e85ece223b8b4592-video.html,11/03/2026,NA,"Israel, Líbano",NA,NA
52,elmundo.es,"Irán desafía a Trump, le advierte de que ""puede ser eliminado"" y EEUU responde con el bombardeo ""más intenso""",LARA VILLALÓN,https://www.elmundo.es/internacional/2026/03/10/69affb13e4d4d872668b459c.html,11/03/2026,Estambul,"Turquía, Irán, Estados Unidos, Francia, Israel, Emiratos Árabes Unidos, Kuwait, Arabia Saudí, España",Donald Trump,405
53,elmundo.es,"Guerra de Irán y última hora del precio de petróleo, en directo | Irán lanza una nueva oleada de bombardeos contra Israel y las bases estadounidenses en Irak","ALEJANDRO BONILLA, CARLOS GARCÉS | SANTIAGO SAIZ",https://www.elmundo.es/internacional/2026/03/11/69b106e9fb7b94bd83b8cda6-directo.html,11/03/2026,Madrid,"Estados Unidos, Israel, Irán, Arabia Saudí, Emiratos Árabes Unidos, Kuwait, España, Irak, Líbano, Chipre, Liberia, Alemania, Turquía, Tailandia, Sri Lanka, India, Rusia, Ucrania","Donald Trump, Netanyahu, von der Leyen, Von der Leyen",91
54,elmundo.es,"Guerra de Irán y última hora del precio de petróleo, en directo | Irán lanza una nueva oleada de bombardeos contra Israel y las bases estadounidenses en Irak","ALEJANDRO BONILLA, CARLOS GARCÉS | SANTIAGO SAIZ",https://www.elmundo.es/internacional/2026/03/11/69b106e9fb7b94bd83b8cda6-directo.html,11/03/2026,Madrid,"Estados Unidos, Israel, Irán, Arabia Saudí, Emiratos Árabes Unidos, Kuwait, España, Irak, Líbano, Chipre, Liberia, Alemania, Turquía, Tailandia, Sri Lanka, India, Rusia, Ucrania","Donald Trump, Netanyahu, von der Leyen, Von der Leyen",91
55,elmundo.es,"Guerra de Irán y última hora del precio de petróleo, en directo | Irán lanza una nueva oleada de bombardeos contra Israel y las bases estadounidenses en Irak","ALEJANDRO BONILLA, CARLOS GARCÉS | SANTIAGO SAIZ",https://www.elmundo.es/internacional/2026/03/11/69b106e9fb7b94bd83b8cda6-directo.html,11/03/2026,Madrid,"Estados Unidos, Israel, Irán, Arabia Saudí, Emiratos Árabes Unidos, Kuwait, España, Irak, Líbano, Chipre, Liberia, Alemania, Turquía, Tailandia, Sri Lanka, India, Rusia, Ucrania","Donald Trump, Netanyahu, von der Leyen, Von der Leyen",91
56,elmundo.es,"Guerra de Irán y última hora del precio de petróleo, en directo | Irán lanza una nueva oleada de bombardeos contra Israel y las bases estadounidenses en Irak","ALEJANDRO BONILLA, CARLOS GARCÉS | SANTIAGO SAIZ",https://www.elmundo.es/internacional/2026/03/11/69b106e9fb7b94bd83b8cda6-directo.html,11/03/2026,Madrid,"Estados Unidos, Israel, Irán, Arabia Saudí, Emiratos Árabes Unidos, Kuwait, España, Irak, Líbano, Chipre, Liberia, Alemania, Turquía, Tailandia, Sri Lanka, India, Rusia, Ucrania","Donald Trump, Netanyahu, von der Leyen, Von der Leyen",91
57,elmundo.es,"Guerra de Irán y última hora del precio de petróleo, en directo | Irán lanza una nueva oleada de bombardeos contra Israel y las bases estadounidenses en Irak","ALEJANDRO BONILLA, CARLOS GARCÉS | SANTIAGO SAIZ",https://www.elmundo.es/internacional/2026/03/11/69b106e9fb7b94bd83b8cda6-directo.html,11/03/2026,Madrid,"Estados Unidos, Israel, Irán, Arabia Saudí, Emiratos Árabes Unidos, Kuwait, España, Irak, Líbano, Chipre, Liberia, Alemania, Turquía, Tailandia, Sri Lanka, India, Rusia, Ucrania","Donald Trump, Netanyahu, von der Leyen, Von der Leyen",91
58,elmundo.es,"Guerra de Irán y última hora del precio de petróleo, en directo | Irán lanza una nueva oleada de bombardeos contra Israel y las bases estadounidenses en Irak","ALEJANDRO BONILLA, CARLOS GARCÉS | SANTIAGO SAIZ",https://www.elmundo.es/internacional/2026/03/11/69b106e9fb7b94bd83b8cda6-directo.html,11/03/2026,Madrid,"Estados Unidos, Israel, Irán, Arabia Saudí, Emiratos Árabes Unidos, Kuwait, España, Irak, Líbano, Chipre, Liberia, Alemania, Turquía, Tailandia, Sri Lanka, India, Rusia, Ucrania","Donald Trump, Netanyahu, von der Leyen, Von der Leyen",91
59,elmundo.es,"Guerra de Irán y última hora del precio de petróleo, en directo | Irán lanza una nueva oleada de bombardeos contra Israel y las bases estadounidenses en Irak","ALEJANDRO BONILLA, CARLOS GARCÉS | SANTIAGO SAIZ",https://www.elmundo.es/internacional/2026/03/11/69b106e9fb7b94bd83b8cda6-directo.html,11/03/2026,Madrid,"Estados Unidos, Israel, Irán, Arabia Saudí, Emiratos Árabes Unidos, Kuwait, España, Irak, Líbano, Chipre, Liberia, Alemania, Turquía, Tailandia, Sri Lanka, India, Rusia, Ucrania","Donald Trump, Netanyahu, von der Leyen, Von der Leyen",91
60,elmundo.es,"Guerra de Irán y última hora del precio de petróleo, en directo | Irán lanza una nueva oleada de bombardeos contra Israel y las bases estadounidenses en Irak","ALEJANDRO BONILLA, CARLOS GARCÉS | SANTIAGO SAIZ",https://www.elmundo.es/internacional/2026/03/11/69b106e9fb7b94bd83b8cda6-directo.html,11/03/2026,Madrid,"Estados Unidos, Israel, Irán, Arabia Saudí, Emiratos Árabes Unidos, Kuwait, España, Irak, Líbano, Chipre, Liberia, Alemania, Turquía, Tailandia, Sri Lanka, India, Rusia, Ucrania","Donald Trump, Netanyahu, von der Leyen, Von der Leyen",91
61,elmundo.es,Kim Jong-un y su hija supervisan nuevas pruebas de misiles mientras la guerra en Oriente Próximo refuerza la apuesta nuclear de Pyongyang,LUCAS DE LA CAL,https://www.elmundo.es/internacional/2026/03/11/69b10969e9cf4a3d028b456d.html,11/03/2026,Corresponsal en Asia,"Estados Unidos, Corea del Sur, Corea del Norte, Irán",NA,NA
62,elmundo.es,"Lula evita a Kast y a Milei, molesto por la invitación a Flavio Bolsonaro a Chile y por el refugio de Argentina a un golpista",SEBASTIÁN FEST,https://www.elmundo.es/internacional/2026/03/11/69b0af4de9cf4a87168b45a1.html,11/03/2026,Santiago de Chile,"Argentina, Brasil, Chile",Milei,5
63,elmundo.es,La Casa Blanca se atasca en la estrategia para una salida del avispero iraní,PABLO R. SUANZES,https://www.elmundo.es/internacional/2026/03/10/69b071f8e85ece80688b458e.html,10/03/2026,NA,"Irán, Israel, Estados Unidos, Venezuela","Donald Trump, Maduro, Netanyahu, Putin",334
64,elmundo.es,"Varios muertos al incendiarse un autobús en Suiza, según la policía",EFE,https://www.elmundo.es/internacional/2026/03/10/69b08bb0fc6c832a228b4583.html,10/03/2026,Ginebra,Suiza,NA,6
65,elmundo.es,Zelenski advierte contra un posible levantamiento de sanciones de EE UU al petróleo ruso por la guerra contra Irán,EFE,https://www.elmundo.es/internacional/2026/03/10/69b06f84e4d4d8a2468b458d.html,10/03/2026,Kiev,"Rusia, Ucrania, Estados Unidos, Israel, Irán, India","Zelenski, Donald Trump",NA
66,elmundo.es,"La ONU acusa a Rusia de ""crímenes contra la humanidad"" por deportar a niños ucranianos",AFP,https://www.elmundo.es/internacional/2026/03/10/69b02f2521efa0f3568b4585.html,10/03/2026,Ginebra,"Ucrania, Rusia",Putin,NA
67,elmundo.es,Nueva York despide al genio de la salsa Willie Colón en un emotivo funeral,ATLAS,https://www.elmundo.es/internacional/2026/03/10/69b05897e85ece4c5d8b45ae-video.html,10/03/2026,NA,NA,NA,NA
68,elmundo.es,"Irán desafía a Trump, le advierte de que ""puede ser eliminado"" y EEUU responde con el bombardeo ""más intenso""",EFE,https://www.elmundo.es/internacional/2026/02/23/699cd70ee9cf4a022a8b459a.html,10/03/2026,Washington,"Irán, Estados Unidos, Irak, Venezuela","Donald Trump, Maduro",2
69,elmundo.es,"EEUU avisa a Irán: ""Hoy será nuestro día más intenso de ataques""",EL MUNDO / AGENCIAS (Vídeo),https://www.elmundo.es/internacional/2026/03/10/69b03899e4d4d8f66f8b457c-video.html,10/03/2026,NA,Irán,Donald Trump,1
70,elmundo.es,"Ribera critica a Von der Leyen por su posición en la guerra de Irán y advierte de que se excede en sus funciones: ""No me parece acertada""",DANIEL VIAÑA (Corresponsal),https://www.elmundo.es/internacional/2026/03/10/69afe6e4e9cf4a9e588b458e.html,10/03/2026,Bruselas,"España, Irán","von der Leyen, Von der Leyen",272
71,elmundo.es,"Costa defiende que el mundo ""siga siendo un sistema basado en normas"" y se desmarca de Von der Leyen",EL MUNDO,https://www.elmundo.es/internacional/2026/03/10/69b031a1e4d4d864058b45c0-video.html,10/03/2026,NA,"Irán, España, Rusia, China, Estados Unidos, Ucrania, Groenlandia, Sudán, Afganistán","von der Leyen, Von der Leyen",NA
72,elmundo.es,Macron defiende la energía nuclear para que no se presione ni desestabilice a Europa,EL MUNDO,https://www.elmundo.es/internacional/2026/03/10/69b010ece9cf4a5c7e8b4596-video.html,10/03/2026,NA,"Francia, Rusia",von der Leyen,NA
73,elmundo.es,"Manfred Weber, presidente del PP Europeo, acusa a Sánchez de usar la postura de España en la guerra de Irán para ""su perfil político""",DANIEL VIAÑA (Corresponsal),https://www.elmundo.es/internacional/2026/03/10/69b010dae4d4d88c698b45cb.html,10/03/2026,Bruselas,"Irán, Italia, Francia, España, Bélgica","Pedro Sánchez, von der Leyen",134
74,elmundo.es,Unos activistas boicotean a Macron cuando recibe a los mandatarios en la cumbre nuclear de París,EL MUNDO / AGENCIAS (Vídeo),https://www.elmundo.es/internacional/2026/03/10/69b00deae4d4d87e268b4592-video.html,10/03/2026,NA,"Francia, Rusia, Ucrania",NA,1
75,elmundo.es,"Trump afirma que Estados Unidos ""espera con interés el gran cambio que pronto se producirá en Cuba""",AP (Vídeo),https://www.elmundo.es/internacional/2026/03/10/69b00ae7e85ece44058b4570-video.html,10/03/2026,NA,"Estados Unidos, Cuba, Venezuela","Donald Trump, Maduro",NA
76,elmundo.es,Qatar derriba drones y misiles iraníes en su territorio,EL MUNDO / AGENCIAS (Vídeo),https://www.elmundo.es/internacional/2026/03/10/69b00635fc6c83f3788b4588-video.html,10/03/2026,NA,"Irán, Israel",NA,NA
77,elmundo.es,"""¡Madre mía, ha impactado"": Teherán no duerme por los ataques de EEUU e Israel de madrugada",EL MUNDO,https://www.elmundo.es/internacional/2026/03/10/69b000d821efa08a778b4594-video.html,10/03/2026,NA,"Irán, Estados Unidos, Israel",NA,NA
78,elmundo.es,"Teresa Ribera discrepa de Von der Leyen y avisa: ""Corresponde al Consejo Europeo fijar posición""","DANIEL VIAÑA (Información), ONDA CERO (Vídeo)",https://www.elmundo.es/internacional/2026/03/10/69aff509fc6c8353508b45a4-video.html,10/03/2026,NA,Irán,"von der Leyen, Von der Leyen",4
79,elmundo.es,"Un terremoto de magnitud 5,9 sacude el golfo de Nápoles, cerca de Capri",PIERO ROSSANO (Corriere della Sera),https://www.elmundo.es/internacional/2026/03/10/69afe704fdddff4c688b45a4.html,10/03/2026,NA,Italia,NA,2
80,elmundo.es,"Muere Alexander Butterfield, el asesor de la Casa Blanca que reveló el sistema de grabaciones de Richard Nixon",REUTERS,https://www.elmundo.es/internacional/2026/03/10/69afeb43e9cf4ae04c8b4575.html,10/03/2026,Washington,Vietnam,NA,NA
81,elmundo.es,Trump visita el icónico restaurante venezolano 'El Arepazo' en Miami,EL MUNDO,https://www.elmundo.es/internacional/2026/03/10/69afeae0e85ece5c6f8b45a5-video.html,10/03/2026,NA,"Estados Unidos, Irán",Donald Trump,NA
82,elmundo.es,Guía de las propiedades inmobiliarias del líder supremo Motjaba Jamenei en Londres: un valor de más de 250 millones y la sospecha de ser bases para el espionaje,LUIGI IPPOLITO (Corriere della Sera),https://www.elmundo.es/internacional/2026/03/10/69afe0dde9cf4aa2288b4586.html,10/03/2026,Londres,"Irán, Israel, Isla de Man",NA,92
83,elmundo.es,"Von der Leyen: ""Europa ya no puede ser la guardiana del viejo orden mundial""",EL MUNDO,https://www.elmundo.es/internacional/2026/03/10/69afdf56fdddff9c478b457d-video.html,10/03/2026,NA,Irán,"von der Leyen, Von der Leyen",NA
84,elmundo.es,"Trump sobre el fin de la guerra en Irán: ""Los aniquilamos en los dos primeros días""",EL MUNDO,https://www.elmundo.es/internacional/2026/03/10/69afcfbefdddff481e8b456d-video.html,10/03/2026,NA,Irán,Donald Trump,NA
85,elmundo.es,"Trump se muestra optimista sobre el final de la guerra en Irán pero manda mensajes contradictorios: ""No hemos ganado suficiente""",PABLO R. SUANZES (Corresponsal),https://www.elmundo.es/internacional/2026/03/09/69af4dc6e85ecedd398b4573.html,10/03/2026,Washington,"Irán, Israel, Estados Unidos, Ucrania, Rusia","Putin, Donald Trump, Zelenski",63
86,elmundo.es,El senador Lindsey Graham anima a Trump a llevarse las bases estadounidenses de España,PABLO R. SUANZES (Corresponsal),https://www.elmundo.es/internacional/2026/03/10/69af80b421efa0445f8b4575.html,10/03/2026,Washington,"Estados Unidos, Irán, España, Arabia Saudí, Cuba, Irak, Ucrania","Donald Trump, Pedro Sánchez, Putin",299
87,elmundo.es,'Cubastroika': ¿la última oportunidad para los Castro?,DANIEL LOZANO,https://www.elmundo.es/internacional/2026/03/10/69af10fee9cf4a9e628b4573.html,10/03/2026,NA,"Cuba, Estados Unidos, Venezuela, Irán","Donald Trump, Maduro",22
88,elmundo.es,"Von der Leyen abraza el nuevo orden mundial frente a la vieja UE basada en las normas: ""Se está imponiendo la ley del más fuerte""",DANIEL VIAÑA (Corresponsal),https://www.elmundo.es/internacional/2026/03/10/69af0b67e4d4d844618b457d.html,10/03/2026,Bruselas,"Estados Unidos, Israel, Irán, Jordania, Egipto, Líbano, Siria, Turquía, Armenia, Irak, Kuwait, Emiratos Árabes Unidos, Arabia Saudí, Omán, India","von der Leyen, Von der Leyen, Putin",91
89,elmundo.es,"La nueva guerra del agua: las plantas desalinizadoras del Golfo, el objetivo militar más peligroso",LARA VILLALÓN,https://www.elmundo.es/internacional/2026/03/09/69af1194fc6c8373428b4576.html,09/03/2026,Estambul,"Irán, Estados Unidos, Israel, Kuwait, Irak, Omán, Arabia Saudí",NA,29
90,elmundo.es,Putin y Trump hablan por teléfono de Irán y Venezuela en su primera conversación en 2026,EFE,https://www.elmundo.es/internacional/2026/03/09/69af2742fdddff24628b45c9.html,09/03/2026,Moscú,"Rusia, Irán, Venezuela","Putin, Donald Trump",4
91,elmundo.es,"Chipre agradece a España su ""solidaridad"" y su ""ayuda decisiva"" tras el ataque de Irán en su país",AP (Vídeo),https://www.elmundo.es/internacional/2026/03/09/69aefeb7fc6c8312138b45a5-video.html,09/03/2026,NA,"Chipre, Grecia, Francia, España, Italia",NA,NA
92,elmundo.es,Ucrania envía drones y expertos a Jordania para derribar los Shahed iraníes y asegura que 11 países le han pedido ayuda,AFP | EFE,https://www.elmundo.es/internacional/2026/03/09/69ae869be4d4d8c36b8b459b.html,09/03/2026,Kiev,"Estados Unidos, Irán, Ucrania, Rusia, Jordania",Zelenski,2
93,elmundo.es,"Macron asegura que ""cuando Chipre es atacada, Europa es atacada"" en su visita a la isla",EL MUNDO,https://www.elmundo.es/internacional/2026/03/09/69aef777fc6c83014e8b457f-video.html,09/03/2026,NA,"Francia, Irán, Estados Unidos, Israel, Chipre, Grecia, Kuwait, Jordania, Arabia Saudí",NA,NA
94,elmundo.es,Turquía anuncia el derribo de un misil iraní que entró en su espacio aéreo,LARA VILLALÓN,https://www.elmundo.es/internacional/2026/03/09/69aee559e85ecea4158b4586.html,09/03/2026,Estambul,"Turquía, España, Irán, Siria, Israel, Estados Unidos, Azerbaiyán, Chipre",NA,156
95,elpais.com,La batalla en el estrecho de Ormuz agrava las consecuencias de la guerra,"Antonio Pita, Trinidad Deiros Bronte, Macarena Vidal Liy",https://elpais.com/internacional/2026-03-11/la-batalla-en-el-estrecho-de-ormuz-se-recrudece-con-el-ataque-a-tres-buques-de-carga.html,11/03/2026,Jerusalén / Washington,"Israel, Irán, Estados Unidos, Tailandia, Omán, China, Yemen, Sudán, Somalia, Tanzania, Mozambique","Donald Trump, Netanyahu",10
96,elpais.com,La Casa Blanca se sume en el caos sobre la duración de la guerra,Macarena Vidal Liy,https://elpais.com/internacional/2026-03-10/la-casa-blanca-se-sume-en-el-caos-sobre-la-duracion-de-la-guerra.html,10/03/2026,Washington,"Irán, Estados Unidos, Israel, Irak, Afganistán, Líbano",Donald Trump,35
97,elpais.com,La guerra contra Irán y Líbano provoca el desplazamiento forzado de casi 800.000 personas ,Lola Hierro,https://elpais.com/internacional/2026-03-11/la-guerra-contra-iran-y-libano-provoca-el-desplazamiento-forzado-de-casi-800000-personas.html,11/03/2026,Madrid,"Estados Unidos, Israel, Irán, Líbano, Siria, Turquía, Ucrania, Afganistán, España",Donald Trump,15
98,elpais.com,La guerra con lenguaje sagrado,NA,https://elpais.com/internacional/2026-03-11/la-guerra-con-lenguaje-sagrado.html,11/03/2026,NA,"Irán, Israel, Estados Unidos, Irak",NA,8
99,elpais.com,La guerra con lenguaje sagrado,NA,https://elpais.com/internacional/2026-03-11/la-guerra-con-lenguaje-sagrado.html,11/03/2026,NA,"Irán, Israel, Estados Unidos, Irak",NA,8
100,elpais.com,Pax Israeliana para Oriente Próximo,Natalia Sancha,https://elpais.com/internacional/2026-03-10/pax-israeliana-para-oriente-proximo.html,10/03/2026,Madrid,"Israel, Siria, Irak, Líbano, Irán, Yemen, Estados Unidos, Marruecos, Emiratos Árabes Unidos, Jordania, Arabia Saudí, Turquía, Túnez, Egipto, Libia, Sudán","Netanyahu, Donald Trump",27
101,elpais.com,La guerra en Irán provocará otra crisis de abundancia en Venezuela,Víctor Álvarez R.,https://elpais.com/america/2026-03-10/la-guerra-en-iran-provocara-otra-crisis-de-abundancia-en-venezuela.html,10/03/2026,NA,"Venezuela, Estados Unidos",Donald Trump,7
102,elpais.com,El error Von der Leyen,Claudi Pérez,https://elpais.com/internacional/2026-03-09/el-error-von-der-leyen.html,09/03/2026,NA,"Alemania, Grecia, España, Ucrania, Israel, Estados Unidos, Irán","Von der Leyen, Donald Trump",205
103,elpais.com,Trump se queda sin el martillo de los aranceles pero agarra el lanzallamas en Oriente Próximo,Claudi Pérez,https://elpais.com/internacional/2026-03-09/trump-se-queda-sin-el-martillo-de-los-aranceles-pero-agarra-el-lanzallamas-en-oriente-proximo.html,09/03/2026,NA,"Irán, Israel, Ucrania, Venezuela, Chipre, Afganistán, Irak, Rusia, Groenlandia, Estados Unidos","Donald Trump, Netanyahu",46
104,elpais.com,Von der Leyen recula ante las críticas y defiende ahora el “compromiso inquebrantable” de la UE con el derecho internacional,Silvia Ayuso,https://elpais.com/internacional/2026-03-11/von-der-leyen-recula-y-afirma-ahora-el-compromiso-inquebrantable-de-la-ue-con-el-derecho-internacional.html,11/03/2026,Bruselas,"Estados Unidos, Israel, Irán, Irak","von der Leyen, Von der Leyen, Putin, Donald Trump, Netanyahu",289
105,elpais.com,La guerra de Irán agrava la fractura interna en la UE tras las palabras de Von der Leyen sobre el orden mundial ,María R. Sahuquillo,https://elpais.com/internacional/2026-03-11/la-guerra-de-iran-agrava-la-fractura-interna-en-la-ue-tras-las-palabras-de-von-der-leyen-sobre-el-orden-mundial.html,11/03/2026,Bruselas,"Israel, Irán, Alemania, Rusia, Ucrania, Groenlandia, Sudán, Afganistán, España, Francia","von der Leyen, Donald Trump, Von der Leyen, Pedro Sánchez, Netanyahu",241
106,elpais.com,¿Cuántos muertos ha causado la guerra de Estados Unidos e Israel contra Irán?  ,Carolina de Lima,https://elpais.com/internacional/2026-03-11/cuantos-muertos-ha-causado-la-guerra-de-estados-unidos-e-israel-contra-iran.html,11/03/2026,Madrid,"Estados Unidos, Israel, Irán, Líbano, Sri Lanka, Irak, Kuwait, Emiratos Árabes Unidos, Bangladés, Baréin, Omán, Islas Marshall",Donald Trump,4
107,elpais.com,"Irán confirma que su nuevo líder, Mojtaba Jameneí, está herido levemente pero “activo”",Trinidad Deiros Bronte,https://elpais.com/internacional/2026-03-11/el-espionaje-israeli-cree-que-el-nuevo-lider-de-iran-mojtaba-jamenei-resulto-herido-en-el-bombardeo-que-mato-a-su-padre.html,11/03/2026,Jerusalén,"Estados Unidos, Israel, Irán, Irak",Donald Trump,25
108,elpais.com,Rusia acusa al Reino Unido de cooperar con Ucrania en el bombardeo de una fábrica de armamento,"Luis de Vega, Javier G. Cuesta",https://elpais.com/internacional/2026-03-11/rusia-acusa-al-reino-unido-de-cooperar-con-kiev-en-el-bombardeo-de-una-fabrica-de-armamento.html,11/03/2026,Moscú / Kiev,"Rusia, Reino Unido, Ucrania, Israel, Irán, España","Zelenski, Putin, Donald Trump",3
109,elpais.com,Al menos seis muertos y cinco heridos al incendiarse un autobús en Suiza,Reuters,https://elpais.com/internacional/2026-03-10/muertos-y-heridos-al-incendiarse-un-autobus-en-suiza.html,10/03/2026,Kerzers (Suiza),Suiza,NA,12
110,elpais.com,"Rusia saca petróleo de la guerra de Irán: “Tenemos que asegurar nuestro beneficio, no importa lo cínico que suene”",Javier G. Cuesta,https://elpais.com/internacional/2026-03-11/rusia-saca-petroleo-de-la-guerra-de-iran-tenemos-que-asegurar-nuestro-beneficio-no-importa-lo-cinico-que-suene.html,11/03/2026,Moscú,"Rusia, Venezuela, Irán, Emiratos Árabes Unidos, Turquía, Brasil, India, China, Sudáfrica, Ucrania, Estados Unidos, Israel, Cuba, Alemania, Países Bajos","Putin, Donald Trump",34
111,elpais.com,La guerra con lenguaje sagrado,NA,https://elpais.com/internacional/2026-03-11/la-guerra-con-lenguaje-sagrado.html,11/03/2026,NA,"Irán, Israel, Estados Unidos, Irak",NA,8
112,elpais.com,La guerra con lenguaje sagrado,NA,https://elpais.com/internacional/2026-03-11/la-guerra-con-lenguaje-sagrado.html,11/03/2026,NA,"Irán, Israel, Estados Unidos, Irak",NA,8
113,elpais.com,Los hutíes de Yemen se contienen ante el temor de nuevas represalias de Estados Unidos e Israel,Marc Español,https://elpais.com/internacional/2026-03-11/los-huties-de-yemen-se-contienen-ante-el-temor-de-nuevas-represalias-de-estados-unidos-e-israel.html,11/03/2026,El Cairo,"Irán, Israel, Estados Unidos, Irak, Yemen, Arabia Saudí",Donald Trump,0
114,elpais.com,"Japón avanza con pies de plomo en la recuperación de la energía nuclear, 15 años después del accidente de Fukushima ",Gonzalo Robledo,https://elpais.com/internacional/2026-03-11/japon-avanza-con-pies-de-plomo-en-la-recuperacion-de-la-energia-nuclear-15-anos-despues-del-accidente-de-fukushima.html,11/03/2026,Tokio,"Japón, Ucrania",NA,3
115,elpais.com,Alemania evacúa el centro de Dresde tras encontrarse una bomba de la II Guerra Mundial,El País,https://elpais.com/internacional/2026-03-11/alemania-evacua-el-centro-de-dresde-tras-encontrarse-una-bomba-de-la-ii-guerra-mundial.html,11/03/2026,Madrid,"Alemania, Estados Unidos, Reino Unido",NA,6
116,elpais.com,Trump afirma que el régimen en Cuba está “en sus últimos momentos de vida” y quiere un pacto con EE UU,Macarena Vidal Liy,https://elpais.com/internacional/2026-03-07/trump-afirma-que-el-regimen-en-cuba-esta-en-sus-ultimos-momentos-de-vida-y-quiere-un-acuerdo-con-ee-uu.html,07/03/2026,Doral,"Estados Unidos, Venezuela, Irán, Kuwait, Paraguay, Costa Rica, Argentina, Bolivia, Ecuador, República Dominicana, El Salvador, Guyana, Honduras, Panamá, Trinidad y Tobago, Chile, México, Colombia, Brasil, Cuba, China","Donald Trump, Milei",89
117,elpais.com,‘Escudo de las Américas’: Trump recibe en Miami a 12 presidentes de la derecha latinoamericana,Macarena Vidal Liy,https://elpais.com/us/2026-03-07/video-en-vivo-escudo-de-las-americas-trump-recibe-en-miami-a-12-presidentes-de-la-derecha-latinoamericana.html,07/03/2026,Miami,"China, República Dominicana, Estados Unidos, Venezuela, Cuba, Ecuador, Israel, Irán, Argentina, Bolivia, Costa Rica, El Salvador, Guyana, Honduras, Panamá, Paraguay, Trinidad y Tobago, Chile, México, Colombia, Brasil","Donald Trump, Milei",12
118,elpais.com,Expectativas y nostalgias,Antonio Muñoz Molina,https://elpais.com/opinion/2026-03-07/expectativas-y-nostalgias.html,07/03/2026,NA,"Irak, Estados Unidos, Níger, Alemania, Italia, Japón",Netanyahu,126
119,elpais.com,"El petróleo, la losa que aplasta a Cuba y da alas a Trump",Carla Gloria Colomé,https://elpais.com/us/2026-03-07/el-petroleo-la-losa-que-aplasta-a-cuba-y-da-alas-a-trump.html,07/03/2026,Nueva York,"Estados Unidos, Cuba, México, Irán, Venezuela, China",Donald Trump,22
120,elpais.com,El Departamento de Justicia publica una docena de documentos pendientes con las acusaciones contra Trump en el caso Epstein,Jesús Sérvulo González,https://elpais.com/internacional/2026-03-06/el-departamento-de-justicia-publica-una-docena-de-documentos-pendientes-con-las-acusaciones-contra-trump-en-el-caso-epstein.html,06/03/2026,Washington,"Estados Unidos, Noruega",Donald Trump,80
121,lavanguardia.com,Detenidos tres hermanos por la explosión junto a la embajada estadounidense en Oslo,Agencias,https://www.lavanguardia.com/internacional/20260311/11487431/detenidos-tres-hermanos-explosion-embajada-estadounidense-oslo.html,11/03/2026,Copenhague,"Granada, Irán, Israel, Noruega, Estados Unidos",NA,NA
122,lavanguardia.com,Kast devuelve a la ultraderecha al poder en Chile 36 años después de Pinochet,David Dusster,https://www.lavanguardia.com/internacional/20260311/11487392/kast-devuelve-ultraderecha-chile-36-anos-pinochet.html,11/03/2026,NA,"Chile, China, Reunión, España, Estados Unidos",Milei,3
123,lavanguardia.com,"Guerra en Irán y los ataques de EE.UU e Israel, en directo | Última hora sobre los ataques a Teherán y la amenaza de Trump a España",Miguel Jorge,https://www.lavanguardia.com/internacional/20260311/11486745/guerra-iran-ataque-estados-unidos-trump-putin-espana-israel-bombardeos-teheran-hoy-en-directo.html,11/03/2026,NA,NA,NA,NA
124,lavanguardia.com,El G-7 prepara el terreno para las misiones de escolta en Ormuz,Eusebio Val,https://www.lavanguardia.com/internacional/20260311/11487340/g-7-prepara-terreno-misiones-escolta-ormuz.html,11/03/2026,París,"Canadá, Chipre, Francia, Alemania, Irán, Italia, Japón, Rusia, Ucrania, Estados Unidos",NA,7
125,lavanguardia.com,Irán amenaza a EE.UU. con “un barril de petróleo a 200 dólares”,Agencias,https://www.lavanguardia.com/economia/20260311/11487135/iran-amenaza-ee-uu-barril-petroleo-200-dolares.html,11/03/2026,NA,"Irán, España, Estados Unidos",NA,1
126,lavanguardia.com,La fiscal general Pam Bondi se instala en una base militar de Washington tras recibir amenazas de los cárteles de la droga,La Vanguardia,https://www.lavanguardia.com/internacional/20260311/11487030/fiscal-general-pam-bondi-instala-base-militar-washington-recibir-amenazas-carteles-droga.html,11/03/2026,Barcelona,"Estados Unidos, Venezuela","Donald Trump, Maduro",3
127,lavanguardia.com,Reino Unido busca a 2.400 dentistas en el extranjero para que ejerzan antes de 2029,La Vanguardia,https://www.lavanguardia.com/internacional/20260311/11486927/reino-unido-busca-2-400-dentistas-extranjero-ejerzan-2029.html,11/03/2026,Barcelona,Reino Unido,NA,NA
128,lavanguardia.com,"Meloni: “Los grandes países europeos están con nosotros, salvo España”",Francesco Olivo,https://www.lavanguardia.com/internacional/20260311/11486947/meloni-reitera-operacion-iran-estuvo-fuera-derecho-internacional-matices.html,11/03/2026,Roma,"Chipre, Francia, Alemania, Irán, Israel, Italia, Omán, España, Reino Unido, Estados Unidos","Pedro Sánchez, Donald Trump",NA
129,lavanguardia.com,Israel presenta unos presupuestos que multiplican el gasto militar por dos respecto a 2023,Agencias,https://www.lavanguardia.com/internacional/20260311/11486864/israel-presenta-presupuestos-multiplican-gasto-militar-dos-respecto-2023.html,11/03/2026,Tel Aviv,"Irán, Israel, Líbano, Reunión","Netanyahu, netanyahu",1
130,lavanguardia.com,Von der Leyen subraya ahora el “compromiso inquebrantable” con el derecho internacional,Anna Buj,https://www.lavanguardia.com/internacional/20260311/11486859/von-der-leyen-subraya-compromiso-inquebrantable-derecho-internacional.html,11/03/2026,Bruselas,"Francia, Irán, Italia, Rusia, Ucrania","von der Leyen, Von der Leyen, Donald Trump, Putin, putin",144
131,lavanguardia.com,Mojtaba Jamenei resultó herido el primer día de la guerra pero Irán dice que “se encuentra bien”,La Vanguardia,https://www.lavanguardia.com/internacional/20260311/11486830/nuevo-lider-supremo-iran-resulto-herido-primer-dia-guerra.html,11/03/2026,Barcelona,"Irán, Israel, Estados Unidos",NA,14
132,lavanguardia.com,Reino Unido termina con los asientos hereditarios en la Cámara de los Lores,La Vanguardia,https://www.lavanguardia.com/internacional/20260311/11486825/reino-unido-termina-asientos-hereditarios-camara-lores.html,11/03/2026,Barcelona,NA,NA,2
133,lavanguardia.com,Un informe jurídico apunta a que El Salvador cometió crímenes de lesa humanidad durante el estado de excepción,Agencias,https://www.lavanguardia.com/internacional/20260311/11486802/informe-juridico-apunta-salvador-cometio-crimenes-lesa-humanidad-excepcion.html,11/03/2026,Londres,El Salvador,NA,1
134,lavanguardia.com,"La Armada Vencible: el poder militar del Reino Unido, en horas bajas",Rafael Ramos,https://www.lavanguardia.com/internacional/20260311/11486493/armada-vencible.html,11/03/2026,Londres,"Chipre, Egipto, Irak, Israel, Japón, Kuwait, Libia, Rusia, España, Reino Unido, Estados Unidos",NA,124
135,lavanguardia.com,La “superfloración” transforma el desierto del Valle de la Muerte en un mar de flores,Agencias,https://www.lavanguardia.com/internacional/20260311/11486485/vdd-superfloracion-desierto-valle-muerte-flores-california.html,11/03/2026,NA,NA,NA,4
136,lavanguardia.com,"Xi Jinping prioriza la lengua china en todo el territorio, en detrimento del tibetano o el uigur",Jordi Joan Baños,https://www.lavanguardia.com/internacional/20260311/11486190/xi-jinping-prioriza-lengua-china-territorio-detrimento-tibetano-uigur.html,11/03/2026,Bangkok,"China, Taiwán",NA,29
137,lavanguardia.com,Dudamel acusa de ignorancia a Chalamet por decir que “a nadie le importa la ópera ni el ballet”,Francesc Peirón,https://www.lavanguardia.com/internacional/20260311/11486743/dudamel-acusa-ignorancia-chalamet-decir-nadie-le-importa-opera-ballet.html,11/03/2026,Nueva York,"Argentina, Venezuela",NA,65
138,lavanguardia.com,El silencio cómplice,Jordi Armadans,https://www.lavanguardia.com/internacional/20260311/11486599/silenciocomplice.html,11/03/2026,NA,Estados Unidos,Donald Trump,NA
139,lavanguardia.com,Recrean la icónica escena de 'Titanic' con una escultura satírica de Donald Trump y Jeffrey Epstein en Washington,La Vanguardia,https://www.lavanguardia.com/internacional/20260311/11486519/recrean-iconica-escena-titanic-escultura-satirica-donald-trump-jeffrey-epstein-washington.html,11/03/2026,Barcelona,NA,Donald Trump,NA
140,lavanguardia.com,El ejército estadounidense anuncia que ha destruido 16 barcos minadores iraníes,Agencias,https://www.lavanguardia.com/internacional/20260311/11486563/ejercito-estadounidense-anuncia-destruido-16-barcos-minadores-iranies.html,11/03/2026,Washington,"Irán, Israel",Donald Trump,9
141,lavanguardia.com,Alabama conmuta la pena capital al acusado que no mató a nadie,Francesc Peirón,https://www.lavanguardia.com/internacional/20260310/11486472/alabama-conmuta-pena-capital-acusado-mato-nadie.html,10/03/2026,Nueva York,Estados Unidos,NA,9
142,lavanguardia.com,Al menos seis muertos y 37 heridos tras un ataque ucraniano en la región rusa de Briansk,Agencias,https://www.lavanguardia.com/internacional/20260310/11486463/seis-muertos-37-heridos-ataque-ucraniano-region-rusa-briansk.html,10/03/2026,Moscú,Rusia,NA,NA
143,lavanguardia.com,El Vaticano saca a la luz un 'Redentor' inédito de El Greco oculto bajo una falsificación,Agencias,https://www.lavanguardia.com/cultura/20260310/11486434/vaticano-saca-luz-redentor-inedito-greco-oculto-falsificacion.html,10/03/2026,Madrid,NA,NA,NA
144,lavanguardia.com,La factura de EE.UU. en munición subió a 5.600 millones en los dos primeros días de guerra,Francesc Peirón,https://www.lavanguardia.com/internacional/20260310/11486423/factura-ee-uu-municion-subio-5-600-millones-dos-primeros-dias-guerra.html,10/03/2026,Nueva York,"Irán, Israel, Estados Unidos",Donald Trump,56
145,lavanguardia.com,El Pentágono anuncia que hoy será “el día más intenso de ataques” en la guerra de Irán,Javier de la Sotilla,https://www.lavanguardia.com/internacional/20260310/11486209/pentagono-anuncia-hoy-sera-dia-mas-intenso-ataques-guerra-iran.html,10/03/2026,Washington,"Afganistán, China, Irán, Irak, Israel, Libia, Rusia, Ucrania, Estados Unidos",Donald Trump,89
146,lavanguardia.com,Irán e Israel desafían a Trump y se muestran dispuestos a prolongar la guerra,Daniel R. Caruncho,https://www.lavanguardia.com/internacional/20260310/11486160/iran-e-israel-desafian-trump-muestran-dispuestos-prolongar-guerra.html,10/03/2026,Barcelona,"Irán, Israel, Líbano, Pakistán, Arabia Saudí","Donald Trump, Netanyahu",58
147,lavanguardia.com,"El patrimonio del nuevo líder de Irán: hoteles en Mallorca, pisos de lujo en Londres y una fortuna que supera los 400 millones",Josep Maria Bermejo,https://www.lavanguardia.com/internacional/20260310/11486151/patrimonio-nuevo-lider-iran-fortuna-supera-400-millones-euros.html,10/03/2026,Barcelona,"Chipre, Alemania, Irán, Isla de Man, Luxemburgo, San Cristóbal y Nieves, Suiza, Emiratos Árabes Unidos, Reino Unido, Estados Unidos",NA,318
148,lavanguardia.com,Obligada “pausa iraní” en las negociaciones de paz entre Rusia y Ucrania,Gonzalo Aragonés,https://www.lavanguardia.com/internacional/20260310/11486021/obligada-pausa-irani-en-las-negociaciones-de-paz-entre-rusia-y-ucrania.html,10/03/2026,Moscú,"Afganistán, Irán, Israel, Rusia, Suiza, Turquía, Ucrania, Emiratos Árabes Unidos, Estados Unidos","Donald Trump, Zelenski, Putin, putin, zelenski",1
149,lavanguardia.com,Turquía despliega misiles Patriot de la OTAN tras interceptar dos proyectiles iraníes,Agencias,https://www.lavanguardia.com/internacional/20260310/11485990/turquia-despliega-misiles-patriot-otan-interceptar-dos-proyectiles-iranies.html,10/03/2026,Estambul,"Alemania, Irán, Países Bajos, Corea del Sur, España, Siria, Turquía, Estados Unidos",NA,1
150,lavanguardia.com,Costa defiende un orden internacional basado en normas frente al giro de Von der Leyen,Anna Buj,https://www.lavanguardia.com/internacional/20260310/11485902/costa-defiende-orden-internacional-basado-normas-frente-giro-von-der-leyen.html,10/03/2026,Bruselas,"China, Irán, Israel, Italia, Rusia, Reunión, España, Estados Unidos","von der Leyen, Von der Leyen, Donald Trump, Putin",271
151,lavanguardia.com,Siete futbolistas iraníes reciben asilo en Australia y el resto del equipo vuela a Malasia,Agencias,https://www.lavanguardia.com/deportes/futbol/20260310/11485790/cinco-jugadoras-seleccion-futbol-iran-desertan-australia.html,10/03/2026,Melbourne,"Australia, Irán, Israel, Malasia, Estados Unidos",Donald Trump,NA
152,lavanguardia.com,"Trump advierte que está valorando “una toma de control amistosa, o no” de Cuba",Agencias,https://www.lavanguardia.com/internacional/20260310/11485786/trump-advierte-esta-valorando-toma-control-amistosa-cuba.html,10/03/2026,Miami,"Cuba, Irán, Estados Unidos",Donald Trump,17
153,lavanguardia.com,Chipre se queja por el largo retraso en la llegada de un destructor británico a la isla,Rafael Ramos,https://www.lavanguardia.com/internacional/20260310/11485586/chipre-queja-retraso-llegada-destructor-britanico-isla.html,10/03/2026,Londres,"Chipre, Francia, Grecia, Irán, Reunión, Reino Unido",NA,2
154,lavanguardia.com,"Mojtaba Jamenei, el hijo del padre",Catalina Gómez Ángel,https://www.lavanguardia.com/internacional/20260310/11485579/mojtaba-hijo-padre.html,10/03/2026,Teherán,"Irán, Israel",NA,43
155,lavanguardia.com,Macron anuncia el envío de una flota europea a Ormuz “cuando sea posible”,Eusebio Val,https://www.lavanguardia.com/internacional/20260310/11485533/macron-anuncia-envio-flota-europea-ormuz-sea-posible.html,10/03/2026,París,"Chipre, Yibuti, Francia, Alemania, Grecia, Irán, Italia, Jordania, Kuwait, Líbano, Países Bajos, España, Emiratos Árabes Unidos, Estados Unidos",NA,16
156,lavanguardia.com,Irán responde a Trump: “Somos quienes determinaremos el fin de la guerra”,Agencias,https://www.lavanguardia.com/internacional/20260310/11485777/iran-responde-trump-quienes-determinaremos-guerra.html,10/03/2026,Ciudad,"Irán, Israel, Estados Unidos",Donald Trump,8
157,lavanguardia.com,León XIV eleva el tono ante la guerra de Trump y Netanyahu,Francesco Olivo,https://www.lavanguardia.com/internacional/20260309/11485590/leon-xiv-eleva-tono-guerra-trump-netanyahu.html,09/03/2026,Roma,"Irán, Israel, Estados Unidos","Netanyahu, Donald Trump, netanyahu",29
158,lavanguardia.com,Trump dice que la guerra en Irán está “casi terminada” y promete luchar hasta la “victoria total”,Javier de la Sotilla,https://www.lavanguardia.com/internacional/20260309/11485587/trump-afirma-guerra-iran-esta-practicamente-terminada.html,09/03/2026,Washington,"Irán, Israel, Rusia, Ucrania, Estados Unidos, Venezuela","Donald Trump, Putin, putin",374
159,lavanguardia.com,Dos detenidos por su lealtad al Estado Islámico tras tratar de lanzar bombas contra una protesta de ultras,Francesc Peirón,https://www.lavanguardia.com/internacional/20260309/11485570/dos-detenidos-lealtad-islamico-tratar-lanzar-bombas-protesta-ultras.html,09/03/2026,Nueva York,"Irán, Estados Unidos",Donald Trump,6
160,lavanguardia.com,Turquía intercepta un segundo misil balístico iraní y despliega seis cazas en el norte de Chipre,Helena Pelicano,https://www.lavanguardia.com/internacional/20260309/11485576/turquia-intercepta-segundo-misil-balistico-irani-despliega-seis-cazas-norte-chipre.html,09/03/2026,Jerusalén,"Chipre, Irán, Israel, Kuwait, Líbano, Reunión, Arabia Saudí, Turquía, Emiratos Árabes Unidos, Estados Unidos",NA,29
161,lavanguardia.com,Una broma que acaba con la muerte de un “querido” profesor de matemáticas y un estudiante acusado de homicidio,Agencias,https://www.lavanguardia.com/internacional/20260309/11485537/broma-acaba-tragedia-estudiante-acusado-muerte-querido-profesor.html,09/03/2026,Gainesville,Georgia,NA,NA
162,lavanguardia.com,Putin ofrece enviar petróleo y gas a Europa si así lo pide y sin condiciones políticas,Gonzalo Aragonés,https://www.lavanguardia.com/internacional/20260309/11485516/putin-ofrece-enviar-petroleo-y-gas-a-europa-si-asi-lo-pide-y-sin-condiciones-politicas.html,09/03/2026,Moscú,"Afganistán, China, Alemania, Hungría, India, Irán, Israel, Rusia, Reunión, Eslovaquia, Turquía, Ucrania, Estados Unidos","Putin, von der Leyen, Zelenski",4
163,lavanguardia.com,El iberista Seguro promete hacer frente al “frenesí electoral” en el Portugal que ya preside,Anxo Lugilde,https://www.lavanguardia.com/internacional/20260309/11485335/iberista-seguro-promete-frente-frenesi-electoral-portugal-preside.html,09/03/2026,NA,"Irán, Montenegro, Portugal, España",Donald Trump,2
164,lavanguardia.com,"Espías, gas y fragatas en el tablero de Chipre",Francesco Olivo,https://www.lavanguardia.com/internacional/20260309/11485501/espias-gas-fragatas-tablero-chipre.html,09/03/2026,Roma,"Chipre, Egipto, Estonia, Grecia, Irán, Irak, Israel, Italia, Libia, Países Bajos, Rusia, España, Siria, Turquía, Estados Unidos",NA,10
165,lavanguardia.com,Guerra de Irán y los ataques de Israel y EE.UU.: Trump y Putin mantienen una conversación por primera vez este año,Casandra Maggio,https://www.lavanguardia.com/internacional/20260309/11485371/guerra-iran-ataques-eeuu-iran-teheran-misiles-turquia-ultima-hora-en-directo.html,09/03/2026,NA,NA,NA,NA
166,lavanguardia.com,Trump pide a Australia que conceda asilo a futbolistas iraníes y ofrece refugio en EE.UU.,Agencias,https://www.lavanguardia.com/internacional/20260309/11485409/trump-pide-australia-conceda-asilo-futbolistas-iranies-ofrece-refugio-ee-uu.html,09/03/2026,Washington,"Australia, Irán, Israel, Corea del Sur, Estados Unidos",Donald Trump,NA
167,lavanguardia.com,"Guerra de Irán y la última hora de los ataques de EE.UU e Israel, en directo: Francia planea escoltar petroleros en el estrecho de Ormuz",Arnau Ruiz,https://www.lavanguardia.com/internacional/20260309/11484767/guerra-iran-ataques-eeuu-israel-mojtaba-jamenei-misiles-trump-en-directo.html,09/03/2026,NA,NA,NA,NA
168,lavanguardia.com,Von der Leyen endurece la política exterior de la UE: “No se debe llorar por el régimen iraní”,Anna Buj,https://www.lavanguardia.com/internacional/20260309/11485243/von-der-leyen-endurece-politica-exterior-ue-debe-llorar-regimen-irani.html,09/03/2026,Bruselas,"Baréin, Egipto, Irán, Irak, Israel, Italia, Líbano, Reunión, Arabia Saudí, Siria, Turquía, Estados Unidos","von der Leyen, Von der Leyen, Donald Trump, Putin, putin",442
169,lavanguardia.com,Macron anuncia que Europa enviará una flota a Ormuz “en cuanto sea posible”,Eusebio Val,https://www.lavanguardia.com/internacional/20260309/11485296/macron-anuncia-europa-enviara-flota-ormuz-cuanto-sea-posible.html,09/03/2026,París,"Chipre, Francia, Alemania, Irán, Italia, Turquía, Estados Unidos",Pedro Sánchez,9
170,lavanguardia.com,El rearme global alcanza niveles récord,Josep M. Bermejo Manchó,https://www.lavanguardia.com/internacional/20260309/11485230/rearme-global-alcanza-niveles-record.html,09/03/2026,NA,"Argelia, Brasil, China, Francia, Alemania, India, Israel, Italia, Kuwait, Marruecos, Pakistán, Polonia, Rusia, Arabia Saudí, Ucrania, Reino Unido, Estados Unidos",Donald Trump,1
